URL,Pertinence,Matching Word(s),Title,Status,Start_date,Deadline,Pertinence LLM,Résumé LLM,Réponse brute
"https://ec.europa.eu/info/funding-tenders/opportunities/portal/screen/opportunities/topic-details/LIFE-2025-CET-PRIVAFIN?isExactMatch=true&status=31094501,31094502&order=DESC&pageNumber=2&pageSize=50&sortBy=startDate",Yes,"technical assistance, renewable energy",Crowding in private finance,Open For Submission,24 April 2025,23 September 2025,Oui,"L'appel à projets concerne l'établissement de mécanismes de financement pour les énergies renouvelables et l'efficacité énergétique, ce qui est en phase avec les objectifs de l'entreprise qui a déjà travaillé sur des projets de développement de l'économie numérique et de soutien aux startups dans les pays en développement. Les expérience acquises dans les projets Arab Bank Strategy et World Bank Collaboration pourraient être mobilisées pour répondre à cet appel à projet. De plus, l'expérience de MDBAN dans le soutien aux startups early-stage pourrait également être pertinente pour cet appel à projet.","Pertinence : Oui

Projets similaires détectés : Arab Bank Strategy, World Bank Collaboration, MDBAN

Résumé rapide : L'appel à projets concerne l'établissement de mécanismes de financement pour les énergies renouvelables et l'efficacité énergétique, ce qui est en phase avec les objectifs de l'entreprise qui a déjà travaillé sur des projets de développement de l'économie numérique et de soutien aux startups dans les pays en développement. Les expérience acquises dans les projets Arab Bank Strategy et World Bank Collaboration pourraient être mobilisées pour répondre à cet appel à projet. De plus, l'expérience de MDBAN dans le soutien aux startups early-stage pourrait également être pertinente pour cet appel à projet."
"https://ec.europa.eu/info/funding-tenders/opportunities/portal/screen/opportunities/topic-details/DIGITAL-2025-AI-08-AGRIFOOD?isExactMatch=true&status=31094501,31094502&order=DESC&pageNumber=2&pageSize=50&sortBy=startDate",Yes,"capacity building, digital transformation",Multi-Country project in Agri-Food,Open For Submission,15 April 2025,02 September 2025,Oui,"L'appel à projets spécifique est pertinent car il concerne la mise en place d'une infrastructure numérique pour le secteur agroalimentaire, ce qui correspond aux axes de développement de l'entreprise, tels que la Deeptech, les startups, l'incubation, l'accélération, l'entrepreneuriat et l'économie numérique. De plus, l'appel à projets spécifique met en avant la création d'un écosystème qui favorise la collaboration et l'échange d'informations entre les acteurs du secteur, ce qui correspond également aux expériences de l'entreprise dans le cadre de la mise en place d'écosystèmes d'innovation. Les projets similaires détectés montrent que l'entreprise a déjà une expérience dans la mise en place de stratégies de financement et de partenariats pour des projets de développement économique, ainsi que dans la création d'écosystèmes d'innovation et d'accélération pour les entreprises en démarrage.","Pertinence : Oui

Projets similaires détectés : 
- Arab Bank Strategy 
- World Bank Collaboration 
- MDBAN – Business Angels Network 
- TECHNORIAT 
- ABI – Applied Biotech & Innovation 

Résumé rapide expliquant ma réponse : 
L'appel à projets spécifique est pertinent car il concerne la mise en place d'une infrastructure numérique pour le secteur agroalimentaire, ce qui correspond aux axes de développement de l'entreprise, tels que la Deeptech, les startups, l'incubation, l'accélération, l'entrepreneuriat et l'économie numérique. De plus, l'appel à projets spécifique met en avant la création d'un écosystème qui favorise la collaboration et l'échange d'informations entre les acteurs du secteur, ce qui correspond également aux expériences de l'entreprise dans le cadre de la mise en place d'écosystèmes d'innovation. Les projets similaires détectés montrent que l'entreprise a déjà une expérience dans la mise en place de stratégies de financement et de partenariats pour des projets de développement économique, ainsi que dans la création d'écosystèmes d'innovation et d'accélération pour les entreprises en démarrage."
"https://ec.europa.eu/info/funding-tenders/opportunities/portal/screen/opportunities/topic-details/DIGITAL-2025-EDIH-AC-08-COMPLETION-STEP?isExactMatch=true&status=31094501,31094502&order=DESC&pageNumber=2&pageSize=50&sortBy=startDate",Yes,"capacity building, cybersecurity, digital transformation",Completion of the initial Network of European Digital Innovation Hubs (EDIHs),Open For Submission,15 April 2025,02 September 2025,Oui,"Cette opportunité de projet EDIH (European Digital Innovation Hubs) concerne la création d'un réseau d'innovation digital pour soutenir la transformation numérique des PME, des mid-caps et des organisations publiques. Les objectifs et les délivrables de ce projet sont en phase avec les expériences antérieures de l'entreprise, notamment dans les domaines de l'innovation, de l'entrepreneuriat, de la formation et du financement. Les projets TECHNORIAT, BIATLABS et Arab Bank Strategy montrent que l'entreprise a déjà travaillé sur des projets de soutien à l'innovation et à l'entrepreneuriat, ce qui la rend particulièrement apte à répondre à cet appel à projet EDIH.","Pertinence : Oui

Projets similaires détectés : TECHNORIAT PPP Program, BIATLABS, World Bank Collaboration, Arab Bank Strategy

Résumé rapide : Cette opportunité de projet EDIH (European Digital Innovation Hubs) concerne la création d'un réseau d'innovation digital pour soutenir la transformation numérique des PME, des mid-caps et des organisations publiques. Les objectifs et les délivrables de ce projet sont en phase avec les expériences antérieures de l'entreprise, notamment dans les domaines de l'innovation, de l'entrepreneuriat, de la formation et du financement. Les projets TECHNORIAT, BIATLABS et Arab Bank Strategy montrent que l'entreprise a déjà travaillé sur des projets de soutien à l'innovation et à l'entrepreneuriat, ce qui la rend particulièrement apte à répondre à cet appel à projet EDIH."
"https://ec.europa.eu/info/funding-tenders/opportunities/portal/screen/opportunities/topic-details/HORIZON-SESAR-2025-DES-IR-02-WA6-2?isExactMatch=true&status=31094501,31094502&order=DESC&pageNumber=4&pageSize=50&sortBy=startDate",Yes,machine learning,Fast-track Extending U-space eco-system,Open For Submission,01 April 2025,16 September 2025,Oui,"L'appel à projet concerne la recherche et le développement de systèmes de navigation et de surveillance pour les drones et les aéronefs dans l'espace aérien. Il explore l'utilisation de réseaux cellulaires publics, de radars mmWave, de technologies 5G et de systèmes de navigation pour améliorer la surveillance et la sécurité dans l'espace aérien.","Pertinence : Oui

Projets similaires détectés : FACTORIAT, World Bank Collaboration, TECHNORIAT PPP Program

Résumé rapide : 

L'appel à projet concerne la recherche et le développement de systèmes de navigation et de surveillance pour les drones et les aéronefs dans l'espace aérien. Il explore l'utilisation de réseaux cellulaires publics, de radars mmWave, de technologies 5G et de systèmes de navigation pour améliorer la surveillance et la sécurité dans l'espace aérien. 

L'entreprise a déjà réalisé des projets similaires, tels que FACTORIAT, qui soutient les startups Deeptech et Hardware, notamment dans les domaines de la navigation et de la surveillance. Le projet World Bank Collaboration a également développé des écosystèmes d'entreprises pour les startups dans le domaine de la navigation et de la surveillance. Enfin, le projet TECHNORIAT PPP Program a mis en relation la recherche et l'entrepreneuriat pour développer des startups dans le domaine de la navigation et de la surveillance. Ces expériences pourraient être utiles pour répondre à cet appel à projet."
"https://ec.europa.eu/info/funding-tenders/opportunities/portal/screen/opportunities/topic-details/HORIZON-EIC-2025-WOMENTECH?isExactMatch=true&status=31094501,31094502&order=DESC&pageNumber=4&pageSize=50&sortBy=startDate",Yes,growth strategy,Women Tech.EU initiative,Open For Submission,01 April 2025,02 September 2025,Oui,"L'appel à projets Women TechEU initiative propose un programme d'incubation et d'accompagnement pour les startups féminines dans le domaine des technologies émergentes, ce qui correspond aux expertises de l'entreprise dans les domaines de l'incubation, du Deeptech et de l'accompagnement des startups. Les projets similaires détectés montrent que l'entreprise a déjà une expérience dans l'appui aux startups, notamment dans les domaines du Deeptech, de l'incubation et de l'accompagnement des startups féminines.","Pertinence : Oui

Projets similaires détectés : FACTORIAT, Arab Bank Strategy, World Bank Collaboration, TECHNORIAT PPP Program, MDBAN – Business Angels Network

Résumé rapide : L'appel à projets Women TechEU initiative propose un programme d'incubation et d'accompagnement pour les startups féminines dans le domaine des technologies émergentes, ce qui correspond aux expertises de l'entreprise dans les domaines de l'incubation, du Deeptech et de l'accompagnement des startups. Les projets similaires détectés montrent que l'entreprise a déjà une expérience dans l'appui aux startups, notamment dans les domaines du Deeptech, de l'incubation et de l'accompagnement des startups féminines."
"https://ec.europa.eu/info/funding-tenders/opportunities/portal/screen/opportunities/topic-details/HORIZON-MSCA-2025-SE-01-01?isExactMatch=true&status=31094501,31094502&order=DESC&pageNumber=4&pageSize=50&sortBy=startDate",Yes,knowledge transfer,MSCA Staff Exchanges 2025,Open For Submission,27 March 2025,08 October 2025,Oui,"Cette opportunité de projetMSCA Staff Exchanges est pertinente pour l'entreprise car elle implique des éléments clés qui sont déjà présents dans les projets précédents, tels que :","Pertinence : Oui

Projets similaires détectés : FACTORIAT, TECHNORIAT PPP Program, World Bank Collaboration

Résumé rapide : Cette opportunité de projetMSCA Staff Exchanges est pertinente pour l'entreprise car elle implique des éléments clés qui sont déjà présents dans les projets précédents, tels que :

* La collaboration entre organisations académiques et non-académiques (FACTORIAT, TECHNORIAT PPP Program)
* L'accent mis sur la mobilité internationale et interdisciplinaire (World Bank Collaboration)
* L'objectif de renforcer les compétences et les connaissances dans le domaine de la recherche et de l'innovation (TECHNORIAT PPP Program)
* La mise en réseau et la création de partenariats pour favoriser l'innovation (World Bank Collaboration, FACTORIAT)

De plus, l'accent mis sur le développement de compétences et les perspectives de carrière pour les membres du personnel aligne avec les objectifs de certains projets précédents, tels que FACTORIAT et TECHNORIAT PPP Program."
"https://ec.europa.eu/info/funding-tenders/opportunities/portal/screen/opportunities/topic-details/HORIZON-JU-CLEAN-AVIATION-2025-03-SMR-03?isExactMatch=true&status=31094501,31094502&order=DESC&pageNumber=4&pageSize=50&sortBy=startDate",Yes,technology maturation,Ground Test Demonstration up to TRL5 of On-Board NPE Systems Architecture for SMR Aircraft,Open For Submission,27 March 2025,15 May 2025,Oui,"L'appel à projets concerne le développement d'un système d'énergie non propulsive pour des avions, avec des éléments de démonstration et de validation sur le terrain. Les aspects clés sont la maturation technologique, la démonstration et la validation de composants critiques. Ces éléments sont similaires aux projets FACTORIAT (support à la maturation technologique et prototypage pour les startups Deeptech et hardware) et TECHNORIAT PPP Program (pont entre la recherche et l'entrepreneuriat via incubation et accélération de chercheurs). L'entreprise a déjà démontré son expertise dans la maturation technologique et le soutien à l'innovation, ce qui rend cette opportunité pertinente.","- Pertinence : Oui
- Projets similaires détectés : FACTORIAT, TECHNORIAT PPP Program
- Résumé rapide : L'appel à projets concerne le développement d'un système d'énergie non propulsive pour des avions, avec des éléments de démonstration et de validation sur le terrain. Les aspects clés sont la maturation technologique, la démonstration et la validation de composants critiques. Ces éléments sont similaires aux projets FACTORIAT (support à la maturation technologique et prototypage pour les startups Deeptech et hardware) et TECHNORIAT PPP Program (pont entre la recherche et l'entrepreneuriat via incubation et accélération de chercheurs). L'entreprise a déjà démontré son expertise dans la maturation technologique et le soutien à l'innovation, ce qui rend cette opportunité pertinente."
"https://ec.europa.eu/info/funding-tenders/opportunities/portal/screen/opportunities/topic-details/HORIZON-EIT-2025?isExactMatch=true&status=31094501,31094502&order=DESC&pageNumber=5&pageSize=50&sortBy=startDate",Yes,call for proposals,WATER,Open For Submission,20 February 2025,17 June 2025,Oui,"L'appel à projets spécifique concerne la création d'un Knowledge and Innovation Community (KIC) dans le domaine de l'eau, des secteurs marins et des écosystèmes maritimes, avec un focus sur l'innovation, l'entrepreneuriat et l'éducation. Les projets déjà réalisés par l'entreprise, tels que FACTORIAT, World Bank Collaboration, TECHNORIAT PPP Program, BIATLABS, MDBAN – Business Angels Network et ABI – Applied Biotech & Innovation, montrent une expertise dans les domaines de l'innovation, de l'entrepreneuriat, de l'incubation, de l'accélération, de la formation et de la mise en réseau. Les similarités avec l'appel à projets sont évidentes, notamment en ce qui concerne la création d'un écosystème d'innovation, la promotion de l'entrepreneuriat et la formation en innovation.","Pertinence : Oui

Projets similaires détectés : FACTORIAT, World Bank Collaboration, TECHNORIAT - Business Angels Network, BIATLABS, MDBAN – Business Angels Network

Résumé rapide : L'appel à projets spécifique concerne la création d'un Knowledge and Innovation Community (KIC) dans le domaine de l'eau, des secteurs marins et des écosystèmes maritimes, avec un focus sur l'innovation, l'entrepreneuriat et l'éducation. Les projets déjà réalisés par l'entreprise, tels que FACTORIAT, World Bank Collaboration, TECHNORIAT PPP Program, BIATLABS, MDBAN – Business Angels Network et ABI – Applied Biotech & Innovation, montrent une expertise dans les domaines de l'innovation, de l'entrepreneuriat, de l'incubation, de l'accélération, de la formation et de la mise en réseau. Les similarités avec l'appel à projets sont évidentes, notamment en ce qui concerne la création d'un écosystème d'innovation, la promotion de l'entrepreneuriat et la formation en innovation."
"https://ec.europa.eu/info/funding-tenders/opportunities/portal/screen/opportunities/topic-details/HORIZON-EIC-2025-PATHFINDEROPEN?isExactMatch=true&status=31094501,31094502&order=DESC&pageNumber=5&pageSize=50&sortBy=startDate",Yes,"intellectual property, technology readiness level",EIC Pathfinder Open,Open For Submission,20 February 2025,21 May 2025,Oui,"Cette opportunité est pertinente car elle concerne le soutien à des technologies innovantes et radicalement nouvelles, à travers des recherches à haut risque et à fort potentiel d'impact, ce qui est aligné avec les projets déjà réalisés par l'entreprise, tels que FACTORIAT, TECHNORIAT PPP Program et ABI - Applied Biotech & Innovation. Ces projets partagent des éléments clés tels que le soutien à la recherche et au développement de technologies innovantes, l'incubation et l'accélération de projets, ainsi que la gestion de la propriété intellectuelle. De plus, l'accent mis sur l'interdisciplinarité, la collaboration et l'égalité des genres sont également des thématiques présents dans les initiatives précédemment citées.","Pertinence : Oui

Projets similaires détectés : FACTORIAT, TECHNORIAT PPP Program, ABI – Applied Biotech & Innovation 

Résumé rapide : Cette opportunité est pertinente car elle concerne le soutien à des technologies innovantes et radicalement nouvelles, à travers des recherches à haut risque et à fort potentiel d'impact, ce qui est aligné avec les projets déjà réalisés par l'entreprise, tels que FACTORIAT, TECHNORIAT PPP Program et ABI - Applied Biotech & Innovation. Ces projets partagent des éléments clés tels que le soutien à la recherche et au développement de technologies innovantes, l'incubation et l'accélération de projets, ainsi que la gestion de la propriété intellectuelle. De plus, l'accent mis sur l'interdisciplinarité, la collaboration et l'égalité des genres sont également des thématiques présents dans les initiatives précédemment citées."
"https://ec.europa.eu/info/funding-tenders/opportunities/portal/screen/opportunities/topic-details/EDF-2025-LS-RA-SMERO-NT?isExactMatch=true&status=31094501,31094502&order=DESC&pageNumber=6&pageSize=50&sortBy=startDate",Yes,"prototyping, innovative SMEs",Non-thematic research actions by SMEs and research organisations,Open For Submission,18 February 2025,16 October 2025,Oui,"Cette opportunité Seems to align with the company's expertise in supporting innovative startups, researchers, and SMEs in developing cutting-edge technologies, particularly in the defence sector. The call topic's focus on driving innovation, adaptation of civil technologies, and development of European research and technology ecosystems resonates with the company's experience in Deeptech, Hardware, Incubation, Prototyping, and Acceleration (FACTORIAT) and bridging research and entrepreneurship via incubation/acceleration of researchers (TECHNORIAT PPP Program).","Pertinence : Oui

Projets similaires détectés : TECHNORIAT PPP Program, FACTORIAT

Résumé rapide : Cette opportunité Seems to align with the company's expertise in supporting innovative startups, researchers, and SMEs in developing cutting-edge technologies, particularly in the defence sector. The call topic's focus on driving innovation, adaptation of civil technologies, and development of European research and technology ecosystems resonates with the company's experience in Deeptech, Hardware, Incubation, Prototyping, and Acceleration (FACTORIAT) and bridging research and entrepreneurship via incubation/acceleration of researchers (TECHNORIAT PPP Program)."
"https://ec.europa.eu/info/funding-tenders/opportunities/portal/screen/opportunities/topic-details/EDF-2025-LS-DA-SME-NT?isExactMatch=true&status=31094501,31094502&order=DESC&pageNumber=6&pageSize=50&sortBy=startDate",Yes,"research results, prototyping, innovative SMEs",Non-thematic development actions by SMEs,Open For Submission,18 February 2025,16 October 2025,Oui,"Cette opportunité est pertinente car elle concerne l'appui à l'innovation et à la R&D pour des applications de défense, ce qui est similaire à des projets déjà réalisés par l'entreprise, tels que FACTORIAT (support à la prototypage et à l'accélération pour des start-up Deeptech et Hardware), TECHNORIAT (pont entre recherche et entrepreneuriat via incubation/accélération de start-up) et BIATLABS (programme d'incubation pour des innovations en phase initiale). De plus, l'appel à projet encourage l'implication d'entreprises PME, ce qui aligne avec les objectifs de certains des projets de l'entreprise, tels que MDBAN – Business Angels Network (soutien aux entreprises en phase initiale via des investissements de business angels de la diaspora).","Pertinence : Oui

Projets similaires détectés : FACTORIAT, TECHNORIAT PPP Program, BIATLABS

Résumé rapide : Cette opportunité est pertinente car elle concerne l'appui à l'innovation et à la R&D pour des applications de défense, ce qui est similaire à des projets déjà réalisés par l'entreprise, tels que FACTORIAT (support à la prototypage et à l'accélération pour des start-up Deeptech et Hardware), TECHNORIAT (pont entre recherche et entrepreneuriat via incubation/accélération de start-up) et BIATLABS (programme d'incubation pour des innovations en phase initiale). De plus, l'appel à projet encourage l'implication d'entreprises PME, ce qui aligne avec les objectifs de certains des projets de l'entreprise, tels que MDBAN – Business Angels Network (soutien aux entreprises en phase initiale via des investissements de business angels de la diaspora)."
"https://ec.europa.eu/info/funding-tenders/opportunities/portal/screen/opportunities/topic-details/EDF-2025-RA-MATCOMP-CDA-STEP?isExactMatch=true&status=31094501,31094502&order=DESC&pageNumber=6&pageSize=50&sortBy=startDate",Yes,"prototyping, artificial intelligence, cybersecurity",Chiplet for Defence Application,Open For Submission,18 February 2025,16 October 2025,Oui,"Cette opportunité est pertinente car elle concerne le développement de technologies de pointe (chiplet) avec un focus sur l'intégration et la mise en œuvre de systèmes complexes avec des fonctionnalités variées. Les projets précédemment réalisés par l'entreprise tel que FACTORIAT (support aux startups Deeptech), TECHNORIAT PPP Program (pont entre la recherche et l'entrepreneuriat), BIATLABS (programme d'incubation) et ABI – Applied Biotech & Innovation (développement de solutions innovantes) montrent une expertise dans le domaine des technologies de pointe et de l'innovation, ce qui correspond aux objectifs de cette opportunité spécifique.","Pertinence : Oui

Projets similaires détectés : FACTORIAT, TECHNORIAT PPP Program, BIATLABS, ABI – Applied Biotech & Innovation

Résumé rapide : Cette opportunité est pertinente car elle concerne le développement de technologies de pointe (chiplet) avec un focus sur l'intégration et la mise en œuvre de systèmes complexes avec des fonctionnalités variées. Les projets précédemment réalisés par l'entreprise tel que FACTORIAT (support aux startups Deeptech), TECHNORIAT PPP Program (pont entre la recherche et l'entrepreneuriat), BIATLABS (programme d'incubation) et ABI – Applied Biotech & Innovation (développement de solutions innovantes) montrent une expertise dans le domaine des technologies de pointe et de l'innovation, ce qui correspond aux objectifs de cette opportunité spécifique."
"https://ec.europa.eu/info/funding-tenders/opportunities/portal/screen/opportunities/topic-details/ERASMUS-EDU-2025-PEX-COVE?isExactMatch=true&status=31094501,31094502&order=DESC&pageNumber=7&pageSize=50&sortBy=startDate",Yes,"public-private partnership, call for proposals, artificial intelligence, sustainable development, applied research, skills development",Centres of Vocational Excellence,Open For Submission,05 December 2024,11 June 2025,Oui,"Bien que ce projet de Centres of Vocational Excellence (CoVE) soit très spécifique et différents des projets déjà menés par l'entreprise, il présente des liens avec certains axes et projets. Les axes de Deeptech, Innovation, Entrepreneurship, et Écosystème entrepreneurial sont présents dans les projets TECHNORIAT et ABI - Applied Biotech & Innovation. De plus, les axes de Capacity building, Strategy, et Startup Ecosystem dans le National Entrepreneurship Program et World Bank Collaboration sont également liés à cet appel à projet. Enfin, l'approche de co-création avec des partenaires locaux et la mise en place de réseaux internationaux dans le cadre de cet appel à projet rappellent les approches de MDBAN – Business Angels Network et BIATLABS. Bien que le contexte de la formation professionnelle et de l'éducation soit spécifique, les liens avec les compétences et expertise de l'entreprise dans l'innovation, l'entrepreneuriat et le développement économique sont évidents.","Pertinence : Oui

Projets similaires détectés : None, mais des liens avec certains axes et projets déjà réalisés.

Résumé rapide expliquant ma réponse :

Bien que ce projet de Centres of Vocational Excellence (CoVE) soit très spécifique et différents des projets déjà menés par l'entreprise, il présente des liens avec certains axes et projets. Les axes de Deeptech, Innovation, Entrepreneurship, et Écosystème entrepreneurial sont présents dans les projets TECHNORIAT et ABI - Applied Biotech & Innovation. De plus, les axes de Capacity building, Strategy, et Startup Ecosystem dans le National Entrepreneurship Program et World Bank Collaboration sont également liés à cet appel à projet. Enfin, l'approche de co-création avec des partenaires locaux et la mise en place de réseaux internationaux dans le cadre de cet appel à projet rappellent les approches de MDBAN – Business Angels Network et BIATLABS. Bien que le contexte de la formation professionnelle et de l'éducation soit spécifique, les liens avec les compétences et expertise de l'entreprise dans l'innovation, l'entrepreneuriat et le développement économique sont évidents."
"https://ec.europa.eu/info/funding-tenders/opportunities/portal/screen/opportunities/topic-details/ERC-2025-POC?isExactMatch=true&status=31094501,31094502&order=DESC&pageNumber=7&pageSize=50&sortBy=startDate",Yes,"proof of concept, social innovation",ERC PROOF OF CONCEPT GRANTS,Open For Submission,13 November 2024,18 September 2025,Oui,"L'appel à projets ERC Proof of Concept Grants est pertinent pour l'entreprise car il s'agit d'un programme de soutien à la valorisation de la recherche et à la création d'innovations commerciales et sociales, ce qui est en línea avec les projets déjà réalisés par l'entreprise tels que FACTORIAT, qui soutient les startups deeptech et hardware, TECHNORIAT, qui vise à brider la recherche et l'entrepreneuriat, et ABI, qui valorise les découvertes en biotechnologie. De plus, l'entreprise a déjà démontré son expertise dans la mise en place de programmes d'incubation et d'accélération, ce qui est également un élément clé de l'appel à projets.","Pertinence : Oui

Projets similaires détectés : FACTORIAT, TECHNORIAT PPP Program, ABI - Applied Biotech & Innovation

Résumé rapide expliquant ma réponse :

L'appel à projets ERC Proof of Concept Grants est pertinent pour l'entreprise car il s'agit d'un programme de soutien à la valorisation de la recherche et à la création d'innovations commerciales et sociales, ce qui est en línea avec les projets déjà réalisés par l'entreprise tels que FACTORIAT, qui soutient les startups deeptech et hardware, TECHNORIAT, qui vise à brider la recherche et l'entrepreneuriat, et ABI, qui valorise les découvertes en biotechnologie. De plus, l'entreprise a déjà démontré son expertise dans la mise en place de programmes d'incubation et d'accélération, ce qui est également un élément clé de l'appel à projets."
"https://ec.europa.eu/info/funding-tenders/opportunities/portal/screen/opportunities/topic-details/HORIZON-EIC-2025-ACCELERATOR-01?isExactMatch=true&status=31094501,31094502&order=DESC&pageNumber=7&pageSize=50&sortBy=startDate",Yes,technology readiness level,EIC Accelerator 2025 - Short application,Open For Submission,29 October 2024,18 December 2025,Oui,"L'EIC Accelerator ciblé les innovations de rupture basées sur des découvertes scientifiques ou des percées technologiques, nécessitant un financement patient et significatif, ce qui correspond aux axes Deeptech, Acceleration, et Prototyping présents dans les projets FACTORIAT et TECHNORIAT PPP Program. De plus, l'appel à projets EIC Accelerator Open est ouvert à tout domaine de technologie, ce qui correspond à l'axe d'innovation biotech présent dans le projet ABI – Applied Biotech & Innovation.","Pertinence : Oui

Projets similaires détectés : FACTORIAT, TECHNORIAT PPP Program, ABI – Applied Biotech & Innovation

Résumé rapide : L'EIC Accelerator ciblé les innovations de rupture basées sur des découvertes scientifiques ou des percées technologiques, nécessitant un financement patient et significatif, ce qui correspond aux axes Deeptech, Acceleration, et Prototyping présents dans les projets FACTORIAT et TECHNORIAT PPP Program. De plus, l'appel à projets EIC Accelerator Open est ouvert à tout domaine de technologie, ce qui correspond à l'axe d'innovation biotech présent dans le projet ABI – Applied Biotech & Innovation."
