url,result
"https://ec.europa.eu/info/funding-tenders/opportunities/portal/screen/opportunities/topic-details/HORIZON-EIC-2025-PATHFINDERCHALLENGES-01-01?isExactMatch=true&status=31094501,31094502&order=DESC&pageNumber=1&pageSize=50&sortBy=startDate","Analyse rapide de l'opportunité spécifique :

* Pas de description de projet détectée.

Pertinence : Non
Projets similaires détectés : None
Résumé rapide : L'absence de description de projet ne permet pas de déceler une pertinence avec les projets déjà réalisés par l'entreprise. Il est nécessaire de disposer d'informations supplémentaires pour évaluer la pertinence de cette opportunité avec les expériences précédentes de l'entreprise."
"https://ec.europa.eu/info/funding-tenders/opportunities/portal/screen/opportunities/topic-details/LIFE-2025-CET-INDUSTRY?isExactMatch=true&status=31094501,31094502&order=DESC&pageNumber=1&pageSize=50&sortBy=startDate","Pertinence : Non

Projets similaires détectés : Aucun

Résumé rapide : L'opportunité spécifique est liée à la transition énergétique et à la décarbonisation de l'industrie, avec un focus sur la collaboration entre les entreprises et les fournisseurs de technologies énergétiques propres, ainsi que sur la coopération énergétique entre les entreprises voisines. Les projets réalisés par l'entreprise ne semblent pas avoir de lien direct avec ce domaine. L'entreprise a plutôt une expertise dans la création d'écosystèmes d'entreprise, l'incubation et l'accélération de startups, ainsi que le développement de programmes en lien avec la biotechnologie et l'économie numérique."
"https://ec.europa.eu/info/funding-tenders/opportunities/portal/screen/opportunities/topic-details/LIFE-2025-CET-PRIVAFIN?isExactMatch=true&status=31094501,31094502&order=DESC&pageNumber=2&pageSize=50&sortBy=startDate","Pertinence : Oui

Projets similaires détectés : Arab Bank Strategy, World Bank Collaboration, MDBAN – Business Angels Network

Résumé rapide : L'appel à projets spécifique est lié à l'établissement de mécanismes de financement pour les énergies renouvelables et l'efficacité énergétique, ce qui est en ligne avec les projets de l'entreprise tels que le développement de stratégies de financement pour les projets Africains de l'économie numérique (Arab Bank Strategy), la mise en place de écosystème entrepreneurial (World Bank Collaboration) et le soutien aux startups par des investissements diasporiques (MDBAN – Business Angels Network). L'entreprise a déjà démontré son expertise dans la conception et la mise en œuvre de programmes de financement et d'incubation, ce qui la rend pertinente pour répondre à cet appel à projets."
"https://ec.europa.eu/info/funding-tenders/opportunities/portal/screen/opportunities/topic-details/DIGITAL-2025-BESTUSE-08-NETWORKSICs?isExactMatch=true&status=31094501,31094502&order=DESC&pageNumber=2&pageSize=50&sortBy=startDate","Pertinence : Non

Projets similaires détectés : Aucun

Résumé rapide expliquant ma réponse : 
L'appel à projet concerne la création de Safer Internet Centres (SICs) pour promouvoir la sécurité en ligne des enfants et des jeunes, ainsi que la prévention de la cyberbullying, de lapornographie et des abus sexuels en ligne. Les projets antérieurs de l'entreprise ne s'inscrivent pas dans ce domaine spécifique de la sécurité en ligne et de la protection des enfants. L'entreprise a principalement travaillé dans des domaines tels que le soutien aux startups, la création d'écosystèmes d'entreprises, la promotion de l'innovations et du développement économique."
"https://ec.europa.eu/info/funding-tenders/opportunities/portal/screen/opportunities/topic-details/DIGITAL-2025-AI-08-AGRIFOOD?isExactMatch=true&status=31094501,31094502&order=DESC&pageNumber=2&pageSize=50&sortBy=startDate","Après analyse, je réponds :

- Pertinence : Non

- Projets similaires détectés : Aucun

- Résumé rapide expliquant ma réponse :
Les projets de l'entreprise sont principalement centrés sur l'entrepreneuriat, l'incubation, la recherche, la déeptech, l'économie numérique, etc. tandis que cet appel à projet est spécifiquement axé sur l'agriculture, l'alimentation, les données, l'infrastructure numérique, la législation et la réglementation européennes, ce qui est très éloigné des domaines d'expertise de l'entreprise."
"https://ec.europa.eu/info/funding-tenders/opportunities/portal/screen/opportunities/topic-details/DIGITAL-2025-EDIH-AC-08-COMPLETION-STEP?isExactMatch=true&status=31094501,31094502&order=DESC&pageNumber=2&pageSize=50&sortBy=startDate","Pertinence : Oui

Projets similaires détectés : FACTORIAT, Arab Bank Strategy, World Bank Collaboration, TECHNORIAT PPP Program, BIATLABS

Résumé rapide : Cette opportunité de projet EDIH (European Digital Innovation Hub) est pertinente pour l'entreprise car elle aligne avec les expériences précédentes de l'entreprise dans les domaines de l'innovation, de l'entrepreneuriat et de la transformation numérique. Les projets similaires détectés montrent que l'entreprise a déjà travaillé sur des projets d'incubation, d'accélération, de financement et de développement d'écosystèmes innovantes, ce qui correspond aux objectifs et aux activités attendues dans le cadre de ce projet EDIH."
"https://ec.europa.eu/info/funding-tenders/opportunities/portal/screen/opportunities/topic-details/HORIZON-SESAR-2025-DES-ER-03-WA1-1?isExactMatch=true&status=31094501,31094502&order=DESC&pageNumber=4&pageSize=50&sortBy=startDate","Pertinence : Non

Projets similaires détectés : Aucun

Résumé rapide expliquant ma réponse :
L'entreprise a réalisé des projets dans des domaines tels que l'incubation, l'accélération, le financement, la stratégie, l'écosystème entrepreneurial, la biotechnologie, etc. Mais l'appel à projets spécifique présenté ici concerne spécifiquement l'environnement, la climatologie, les émissions de CO2 et non-CO2, les nouvelles technologies, etc. qui ne sont pas directement liés aux domaines d'expertise de l'entreprise."
"https://ec.europa.eu/info/funding-tenders/opportunities/portal/screen/opportunities/topic-details/HORIZON-SESAR-2025-DES-ER-03-WA1-4?isExactMatch=true&status=31094501,31094502&order=DESC&pageNumber=4&pageSize=50&sortBy=startDate","Pertinence : Non

Projets similaires détectés : Aucun

Résumé rapide expliquant ma réponse :

L'appel à projet concerne la recherche fondamentale en gestion de trafic aérien (ATM) et son évolution future, ce qui est très spécifique et éloigné des axes de l'entreprise qui portent sur le soutien aux startups, l'entrepreneuriat, la Deeptech, l'incubation, l'accélération, la biotech, l'innovation, etc. Aucun des projets de l'entreprise ne traite de recherche fondamentale en gestion de trafic aérien, ce qui rend cette opportunité spécifique non pertinente pour l'entreprise."
"https://ec.europa.eu/info/funding-tenders/opportunities/portal/screen/opportunities/topic-details/HORIZON-SESAR-2025-DES-ER-03-WA2-1?isExactMatch=true&status=31094501,31094502&order=DESC&pageNumber=4&pageSize=50&sortBy=startDate","Erreur Groq: Error code: 413 - {'error': {'message': 'Request too large for model `llama3-70b-8192` in organization `org_01jbbzmw5ae68swfw9axzac18x` service tier `on_demand` on tokens per minute (TPM): Limit 6000, Requested 10066, please reduce your message size and try again. Need more tokens? Upgrade to Dev Tier today at https://console.groq.com/settings/billing', 'type': 'tokens', 'code': 'rate_limit_exceeded'}}"
"https://ec.europa.eu/info/funding-tenders/opportunities/portal/screen/opportunities/topic-details/HORIZON-SESAR-2025-DES-IR-02-WA1-1?isExactMatch=true&status=31094501,31094502&order=DESC&pageNumber=4&pageSize=50&sortBy=startDate","Erreur Groq: Error code: 413 - {'error': {'message': 'Request too large for model `llama3-70b-8192` in organization `org_01jbbzmw5ae68swfw9axzac18x` service tier `on_demand` on tokens per minute (TPM): Limit 6000, Requested 6512, please reduce your message size and try again. Need more tokens? Upgrade to Dev Tier today at https://console.groq.com/settings/billing', 'type': 'tokens', 'code': 'rate_limit_exceeded'}}"
"https://ec.europa.eu/info/funding-tenders/opportunities/portal/screen/opportunities/topic-details/HORIZON-SESAR-2025-DES-IR-02-WA6-3?isExactMatch=true&status=31094501,31094502&order=DESC&pageNumber=4&pageSize=50&sortBy=startDate","Pertinence : Non

Projets similaires détectés : Aucun

Résumé rapide expliquant ma réponse : L'appel à projet spécifique concerne la recherche et le développement dans le domaine de l'aéronautique, en particulier pour les aéronefs verticaux (VCA) et les systèmes de gestion de trafic aérien. Les projets de l'entreprise que j'ai analysés ne montrent pas de similarité avec ce domaine spécifique. Les thématiques abordées par l'entreprise sont plus liées à l'entrepreneuriat, la stratégie, l'innovation, la biotechnologie, et ne touchent pas au domaine de l'aéronautique ou des systèmes de gestion de trafic aérien."
"https://ec.europa.eu/info/funding-tenders/opportunities/portal/screen/opportunities/topic-details/HORIZON-SESAR-2025-DES-IR-02-WA4-2?isExactMatch=true&status=31094501,31094502&order=DESC&pageNumber=4&pageSize=50&sortBy=startDate","Pertinence : Non

Projets similaires détectés : -

Résumé rapide : L'appel à projet spécifique concerne des recherches et innovations dans le domaine des aéroports, de la sécurité aérienne et de la gestion du trafic aérien, ce qui n'a pas de lien direct avec les projets réalisés par l'entreprise, qui ont trait à l'incubation, l'investissement, la digital economy, la recherche et l'innovation dans d'autres domaines tels que la biotechnologie, les startups, etc."
"https://ec.europa.eu/info/funding-tenders/opportunities/portal/screen/opportunities/topic-details/HORIZON-SESAR-2025-DES-IR-02-WA7-2?isExactMatch=true&status=31094501,31094502&order=DESC&pageNumber=4&pageSize=50&sortBy=startDate","Pertinence : Non

Projets similaires détectés : Aucun

Résumé rapide : L'appel à projet semble très spécifique et technique, centré sur l'industrie aéronautique et la gestion de trafic aérien, ce qui ne correspond pas aux projets déjà réalisés par l'entreprise, qui se concentrent plutôt sur l'incubation, l'accélération et le soutien à l'entrepreneuriat, ainsi que sur la stratégie et le développement économique."
"https://ec.europa.eu/info/funding-tenders/opportunities/portal/screen/opportunities/topic-details/HORIZON-SESAR-2025-DES-IR-02-WA4-1?isExactMatch=true&status=31094501,31094502&order=DESC&pageNumber=4&pageSize=50&sortBy=startDate","Pertinence : Non

Projets similaires détectés : Aucun

Résumé rapide expliquant ma réponse :
L'appel à projet européen décrit un projet de recherche et développement dans le domaine des systèmes de gestion du trafic aérien, avec un focus sur l'automatisation, la cybersécurité et l'environnement. Les projets déjà réalisés par l'entreprise sont principalement liés à l'incubation, au financement et au développement d'écosystèmes d'entreprises, avec un focus sur les technologies émergentes et la biotechnologie. Il n'y a pas de projet similaire dans le domaine des systèmes de gestion du trafic aérien."
"https://ec.europa.eu/info/funding-tenders/opportunities/portal/screen/opportunities/topic-details/HORIZON-SESAR-2025-DES-IR-02-WA3-1?isExactMatch=true&status=31094501,31094502&order=DESC&pageNumber=4&pageSize=50&sortBy=startDate","Erreur Groq: Error code: 413 - {'error': {'message': 'Request too large for model `llama3-70b-8192` in organization `org_01jbbzmw5ae68swfw9axzac18x` service tier `on_demand` on tokens per minute (TPM): Limit 6000, Requested 12321, please reduce your message size and try again. Need more tokens? Upgrade to Dev Tier today at https://console.groq.com/settings/billing', 'type': 'tokens', 'code': 'rate_limit_exceeded'}}"
"https://ec.europa.eu/info/funding-tenders/opportunities/portal/screen/opportunities/topic-details/HORIZON-SESAR-2025-DES-IR-02-WA2-1?isExactMatch=true&status=31094501,31094502&order=DESC&pageNumber=4&pageSize=50&sortBy=startDate","Pertinence : Non

Projets similaires détectés : None

Résumé rapide : La plupart des projets de l'entreprise sont liés à l'entrepreneuriat, la Deeptech, l'incubation, l'aéronautique et la biotechnologie, tandis que l'appel à projet spécifique est centré sur la recherche et le développement dans le domaine de l'aéronautique, en particulier sur les systèmes de communications et de navigation. Bien que l'entreprise ait des expériences dans l'aéronautique, le projet spécifique ne correspond pas aux compétences et aux thèmes abordés dans les projets passés de l'entreprise."
"https://ec.europa.eu/info/funding-tenders/opportunities/portal/screen/opportunities/topic-details/HORIZON-SESAR-2025-DES-IR-02-WA6-2?isExactMatch=true&status=31094501,31094502&order=DESC&pageNumber=4&pageSize=50&sortBy=startDate","**Pertinence : Oui**

Les projets similaires détectés sont :

* TECHNORIAT PPP Program ( Axe : Scientific Research, Deeptech, Acceleration, Entrepreneurship)
* Arab Bank Strategy (Axe : Digital Economy, Strategic Development, Financing)

Résumé rapide : 
La pertinence de ce projet est liée à la convergence des axes de recherche et développement dans les domains de l'aéronautique, des systèmes de navigation, de la sécurité et de la surveillance, qui sont des axes forts de l'entreprise. Les éléments clés tels que l'utilisation des réseaux cellulaires pour les opérations de drones, la surveillance et la navigation, la mise en place de solutions de bas coût pour les aéroports et les systèmes de gestion de la circulation aérienne sont tous des domaines où l'entreprise a déjà développé des compétences et des expertises.

En outre, la dimension entrepreneuriale et de développement économique du projet, qui vise à améliorer la situation des acteurs de l'aéronautique et des systèmes de navigation, est également en phase avec les objectifs de l'entreprise."
"https://ec.europa.eu/info/funding-tenders/opportunities/portal/screen/opportunities/topic-details/HORIZON-SESAR-2025-DES-IR-02-WA5-1?isExactMatch=true&status=31094501,31094502&order=DESC&pageNumber=4&pageSize=50&sortBy=startDate","Pertinence : Non

Projets similaires détectés : None

Résumé rapide : 
L'appel à projets spécifique concerne la recherche et le développement de technologies pour améliorer la sécurité et l'efficacité des opérations aériennes) avec un focus sur l'automatisation et l'intelligence artificielle. Les projets précédents de l'entreprise sont principalement orientés vers l'entrepreneuriat, l'écosystème des startups, le financement et l'innovation dans les secteurs de la biotechnologie, de la santé et de l'économie numérique. Il n'y a pas de chevauchement entre les deux domaines, donc je considère que cette opportunité spécifique n'est pas pertinente pour l'entreprise."
"https://ec.europa.eu/info/funding-tenders/opportunities/portal/screen/opportunities/topic-details/HORIZON-SESAR-2025-DES-IR-02-WA6-1?isExactMatch=true&status=31094501,31094502&order=DESC&pageNumber=4&pageSize=50&sortBy=startDate","Erreur Groq: Error code: 413 - {'error': {'message': 'Request too large for model `llama3-70b-8192` in organization `org_01jbbzmw5ae68swfw9axzac18x` service tier `on_demand` on tokens per minute (TPM): Limit 6000, Requested 8742, please reduce your message size and try again. Need more tokens? Upgrade to Dev Tier today at https://console.groq.com/settings/billing', 'type': 'tokens', 'code': 'rate_limit_exceeded'}}"
"https://ec.europa.eu/info/funding-tenders/opportunities/portal/screen/opportunities/topic-details/HORIZON-EIC-2025-WOMENTECH?isExactMatch=true&status=31094501,31094502&order=DESC&pageNumber=4&pageSize=50&sortBy=startDate","**Pertinence : Oui**

**Projets similaires détectés :** FACTORIAT, National Entrepreneurship Program, Arab Bank Strategy, World Bank Collaboration, MDBAN – Business Angels Network, BIATLABS, TECHNORIAT PPP Program et ABI – Applied Biotech & Innovation

**Résumé rapide :** Cette opportunité de projet Women TechEU aligne avec les objectifs et les expériences de l'entreprise dans les domaines de l'entrepreneuriat, de l'incubation, de l'accélération, de la déeptechnologie et de l'écosystème de startups. Les activités attendues, telles que l'organisation d'appels à projets, l'évaluation de propositions, la mise en réseau et la promotion de femmes entrepreneurs en technologies émergentes, sont similaires à celles déjà réalisées dans les projets FACTORIAT, National Entrepreneurship Program, Arab Bank Strategy, World Bank Collaboration, MDBAN, BIATLABS et TECHNORIAT. De plus, l'initiative Women TechEU vise à renforcer la diversité et l'égalité des sexes dans les écosystèmes de startups, ce qui s'aligne avec les thématiques déjà abordées par l'entreprise."
"https://ec.europa.eu/info/funding-tenders/opportunities/portal/screen/opportunities/topic-details/HORIZON-MSCA-2025-SE-01-01?isExactMatch=true&status=31094501,31094502&order=DESC&pageNumber=4&pageSize=50&sortBy=startDate","Pertinence : Oui

Projets similaires détectés: FACTORIAT, TECHNORIAT PPP Program, ABI – Applied Biotech & Innovation

Résumé rapide expliquant ma réponse:

L'appel à projet MSCA Staff Exchanges concerne la mobilité internationale, inter-sectorielle et interdisciplinaire de personnel de recherche et d'innovation, ainsi que la coopération et le transfert de connaissances entre secteurs et disciplines. Cette approche est similaire à celle des projets FACTORIAT, où le soutien est apporté à des startups Deeptech et Hardware, TECHNORIAT, qui vise à rapprocher la recherche et l'entrepreneuriat via l'incubation et l'accélération, et ABI, qui cherche à transformer les découvertes en solutions commerciales via la licence de propriété intellectuelle. De plus, l'appel à projet met l'accent sur le développement de compétences, l'innovation et la coopération internationale, ce qui aligne avec les objectifs des projets précédents de l'entreprise."
"https://ec.europa.eu/info/funding-tenders/opportunities/portal/screen/opportunities/topic-details/HORIZON-JU-CLEAN-AVIATION-2025-03-SMR-03?isExactMatch=true&status=31094501,31094502&order=DESC&pageNumber=4&pageSize=50&sortBy=startDate","Pertinence : Oui

Projets similaires détectés : FACTORIAT, TECHNORIAT PPP Program

Résumé rapide expliquant ma réponse :

Cette opportunité spécifique est pertinente car elle concerne la maturation technologique et la démonstration d'un système énergétique pour des avions, ce qui relève de la Deeptech et de la prototypage, deux axes qui sont similaires à ceux du projet FACTORIAT. De plus, la maturation technologique et l'incubation/accélération de la recherche sont également des éléments clés du projet TECHNORIAT PPP Program. L'entreprise a déjà une expérience pertinente dans ces domaines, ce qui la rende apte à répondre à cet appel à projet."
"https://ec.europa.eu/info/funding-tenders/opportunities/portal/screen/opportunities/topic-details/PPPA-2025-COUNSEL?isExactMatch=true&status=31094501,31094502&order=DESC&pageNumber=4&pageSize=50&sortBy=startDate","Après avoir analysé l'appel à projets et la liste des projets déjà réalisés par l'entreprise, voici ma réponse :

* Pertinence : Non
* Projets similaires détectés : Aucun
* Résumé rapide expliquant ma réponse :

L'appel à projets concerne spécifiquement la migration laborale, les conseils et les réseaux de soutien aux travailleurs migrants, ce qui est très éloigné des projets déjà réalisés par l'entreprise, qui sont principalement axés sur le développement économique, l'entrepreneuriat, la innovation, la Recherche & Développement, la Deeptech, etc. Aucun des projets précédents ne concerne ce domaine spécifique de la migration laborale."
"https://ec.europa.eu/info/funding-tenders/opportunities/portal/screen/opportunities/topic-details/EUAF-2025-TA-03?isExactMatch=true&status=31094501,31094502&order=DESC&pageNumber=5&pageSize=50&sortBy=startDate","Pertinence : Non  

Projets similaires détectés : Aucun  

Résumé rapide : L'appel à projet concerne la lutte contre la fraude et l'analyse de données pour protéger les intérêts de l'Union européenne, ce qui est très éloigné du portefeuille de projets de l'entreprise, qui se focalise sur l'entrepreneuriat, la déeptech, l'incubation, l'accélération, les startups et l'économie numérique. Aucun des projets précédemment réalisés par l'entreprise ne concerne la lutte contre la fraude ou l'analyse de données pour des fins régaliennes."
"https://ec.europa.eu/info/funding-tenders/opportunities/portal/screen/opportunities/topic-details/SMP-CONS-2025-ADR-RAD?isExactMatch=true&status=31094501,31094502&order=DESC&pageNumber=5&pageSize=50&sortBy=startDate","Pertinence : Non

Projets similaires détectés : Aucun

Résumé rapide : L'appel à projets concerne la résolution de litiges et les actions collectives au niveau de l'Union européenne, ce qui est très différent des projets R&D et d'incubation que l'entreprise a déjà réalisés, qui portaient sur la création d'écosystèmes de startups, la Deeptech, la biotechnologie, la économie numérique, etc. Il n'y a pas desimilarité avec les projets précédents."
"https://ec.europa.eu/info/funding-tenders/opportunities/portal/screen/opportunities/topic-details/ESF-2025-AG-NETW-MF-SE?isExactMatch=true&status=31094501,31094502&order=DESC&pageNumber=5&pageSize=50&sortBy=startDate","Pertinence : Non

Projets similaires détectés : Aucun

Résumé rapide : L'appel à projet spécifique vise à soutenir la development de l'économie sociale et des entreprises sociales en Europe, en mettant en avant les principes du Pilier Européen des Droits Sociaux. Les projets de l'entreprise portent sur des domaines tels que la Deeptech, l'incubation, l'innovation, la stratégie, le financement, etc. mais pas spécifiquement sur l'économie sociale et les entreprises sociales. Il n'y a pas de projet similaire détecté dans la liste des projets de l'entreprise."
"https://ec.europa.eu/info/funding-tenders/opportunities/portal/screen/opportunities/topic-details/HORIZON-JU-EUROHPC-2025-INCO-01?isExactMatch=true&status=31094501,31094502&order=DESC&pageNumber=5&pageSize=50&sortBy=startDate","Pertinence : Non

Projets similaires détectés : Aucun

Résumé rapide : L'appel à projet est centré sur le soutien à la convergence des supercalculateurs et de l'intelligence artificielle massive, spécifiquement dans le contexte du consortium Trillion Parameter Consortium. Les projets précédents de l'entreprise ne présentent pas de similarités directes avec ce domaine spécifique, qui est plus lié aux sciences et à la recherche qu'aux startups, à l'incubation ou à l'écosystème entrepreneurial. Les axes clés tels que la recherche scientifique, le développement de modèles AI pour la science, la gouvernance de la recherche et la coordination entre les acteurs européennes et internationaux sont éloignés des expériences précédentes de l'entreprise."
"https://ec.europa.eu/info/funding-tenders/opportunities/portal/screen/opportunities/topic-details/ERASMUS-YOUTH-2025-CSC-OG-FPA?isExactMatch=true&status=31094501,31094502&order=DESC&pageNumber=5&pageSize=50&sortBy=startDate","Pertinence : Non

Projets similaires détectés : Aucun

Résumé rapide : L'appel à projets spécifique vise à soutenir des organisations non gouvernementales européennes travaillant avec des jeunes, dans les domaines de la participation citoyenne, de l'éducation, de la démocratie et de l'environnement. Les projets antérieurs de l'entreprise sont principalement liés à l'entrepreneuriat, les startups, l'économie numérique, la recherche et l'incubation, sans lien direct avec les objectifs et domaines de cet appel à projets."
"https://ec.europa.eu/info/funding-tenders/opportunities/portal/screen/opportunities/topic-details/HORIZON-EIT-2025?isExactMatch=true&status=31094501,31094502&order=DESC&pageNumber=5&pageSize=50&sortBy=startDate","Pertinence : Oui

Projets similaires détectés : Factoriat, National Entrepreneurship Program, Arab Bank Strategy, World Bank Collaboration, BIATLABS, TECHNORIAT PPP Program, MDBAN – Business Angels Network, ABI – Applied Biotech & Innovation

Résumé rapide : L'appel à projets EIT KIC pour le domaine des secteurs et écosystèmes de l'eau, marines et maritimes correspond aux compétences et à l'expérience de l'entreprise dans les domaines de l'innovation, de l'entrepreneuriat, de la création d'écosystèmes, de l'incubation, de l'accélération, du financement, de la stratégie de développement, etc. Les projets déjà réalisés par l'entreprise, tels que Factoriat, National Entrepreneurship Program, Arab Bank Strategy, World Bank Collaboration, BIATLABS, TECHNORIAT PPP Program, MDBAN – Business Angels Network, ABI – Applied Biotech & Innovation, démontrent une expertise pertinente pour répondre aux attentes de l'appel à projets EIT KIC."
"https://ec.europa.eu/info/funding-tenders/opportunities/portal/screen/opportunities/topic-details/HORIZON-EIC-2025-PATHFINDEROPEN?isExactMatch=true&status=31094501,31094502&order=DESC&pageNumber=5&pageSize=50&sortBy=startDate","Réponse :

- Pertinence : Oui
- Projets similaires détectés : FACTORIAT, TECHNORIAT PPP Program
- Résumé rapide expliquant ta réponse :

L'appel à projets EIC Pathfinder Open présente une pertinence élevée avec les projets déjà réalisés par l'entreprise, notamment dans les domaines de la Deeptech, de l'innovation et de la recherche scientifique. Les axes clés de l'appel à projets, tels que le soutien à l'innovation radicale, la recherche à haut risque, la valorisation de la propriété intellectuelle et l'émancipation de la communauté scientifique, sont alignés avec les projets déjà menés, tels que FACTORIAT et TECHNORIAT PPP Program. De plus, l'appel à projets met en avant l'importance de la collaboration interdisciplinaire et la promotion de la diversité dans les équipes, ce qui correspond également aux pratiques de l'entreprise."
"https://ec.europa.eu/info/funding-tenders/opportunities/portal/screen/opportunities/topic-details/EDF-2025-DA-AIR-EPE?isExactMatch=true&status=31094501,31094502&order=DESC&pageNumber=5&pageSize=50&sortBy=startDate","Pertinence : Non

Projets similaires détectés : Aucun

Résumé rapide expliquant ma réponse : 
L'appel à projet spécifique concerne le développement de nouvelles technologies pour améliorer la coopération entre les pilotes et les machines dans les avions de combat, ce qui est loin des thématiques de Deeptech, startup, incubation, acceleration, biotech, One Health, etc. qui sont les axes principaux des projets déjà réalisés par l'entreprise. Il n'y a pas de similarité évidente entre les deux, ce qui rend cette opportunité non pertinente pour l'entreprise."
"https://ec.europa.eu/info/funding-tenders/opportunities/portal/screen/opportunities/topic-details/EDF-2025-DA-GROUND-LCC-STEP?isExactMatch=true&status=31094501,31094502&order=DESC&pageNumber=5&pageSize=50&sortBy=startDate","Pertinence : Non

Projets similaires détectés : None

Résumé rapide : Cette opportunité est très spécifique et technique, elle concerne le domaine de la défense et de la sécurité, ce qui n'est pas en lien avec les domaines d'expertise de l'entreprise (Deeptech, Hardware, Incubation, Prototyping, Acceleration, Entrepreneurship, Biotech, Digital Economy, Strategic Development, Financing). L'entreprise n'a pas déjà réalisé de projets similaires dans le domaine de la défense et de la sécurité."
"https://ec.europa.eu/info/funding-tenders/opportunities/portal/screen/opportunities/topic-details/EDF-2025-DA-PROTMOB-SS?isExactMatch=true&status=31094501,31094502&order=DESC&pageNumber=6&pageSize=50&sortBy=startDate","Pertinence : Non

Projets similaires détectés : Aucun

Résumé rapide expliquant ma réponse :
L'appel à projet concerne spécifiquement le développement d'un système de soldat pour les forces armées, avec un focus sur l'innovation, l'interopérabilité, la modularité et la protection des soldats. Les projets précédemment réalisés par l'entreprise ne montrent pas de liens directs avec ce type de projet, qui nécessite une expertise dans le domaine de la défense et des technologies de pointe."
"https://ec.europa.eu/info/funding-tenders/opportunities/portal/screen/opportunities/topic-details/EDF-2025-DA-GROUND-FM2LP?isExactMatch=true&status=31094501,31094502&order=DESC&pageNumber=6&pageSize=50&sortBy=startDate","Pertinence : Non

Projets similaires détectés : Aucun

Résumé rapide : L'opportunité spécifique décrite concerne le développement de véhicules blindés de combat pour les forces armées, ce qui est très éloigné des projets précédents de l'entreprise qui se concentrent sur l'incubation, l'accélération, la création d'écosystèmes d'entreprises, l'innovation et le financement, principalement dans les domaines de la technologie, de la santé et de l'économie numérique. Aucun des projets précédents de l'entreprise ne concerne directement les technologies de défense ou les véhicules militaires."
"https://ec.europa.eu/info/funding-tenders/opportunities/portal/screen/opportunities/topic-details/EDF-2025-DA-SPACE-SBISR?isExactMatch=true&status=31094501,31094502&order=DESC&pageNumber=6&pageSize=50&sortBy=startDate","Pertinence : Non

Projets similaires détectés : None

Résumé rapide : L'appel à projet est spécifique à la création d'une constellation de petits satellites pour des applications de reconnaissance spatiale (ISR) pour la défense et la sécurité, ce qui n'est pas aligné avec les thématiques de l'entreprise qui sont plutôt focalisées sur l'incubation, l'accélération, la stratégie et l'écosystème entrepreneurial, même si certains projets ont des éléments de technologie de pointe (Deeptech) ou d'innovation (Biotech). Il n'y a pas de projet similaire détecté parmi les projets de l'entreprise."
"https://ec.europa.eu/info/funding-tenders/opportunities/portal/screen/opportunities/topic-details/EDF-2025-DA-AIR-CAC?isExactMatch=true&status=31094501,31094502&order=DESC&pageNumber=6&pageSize=50&sortBy=startDate","Pertinence : Non

Projets similaires détectés : Aucun

Résumé rapide : L'appel à projet est très spécifique et concerne la défense, les technologies de l'information, l'intelligence artificielle, etc. Les projets déjà réalisés par l'entreprise sont principalement liés à l'entrepreneuriat, la stratégie, l'incubation, l'accélération, la recherche et développement, mais pas directement lié à la défense, la sécurité ou les technologies militaires."
"https://ec.europa.eu/info/funding-tenders/opportunities/portal/screen/opportunities/topic-details/EDF-2025-DA-NAVAL-DSNCC-STEP?isExactMatch=true&status=31094501,31094502&order=DESC&pageNumber=6&pageSize=50&sortBy=startDate","Pertinence : Non

Projets similaires détectés : None

Résumé rapide : L'appel à projet est spécifiquement lié au secteur naval et aux technologies de défense, ce qui n'est pas une spécialité de l'entreprise qui a plutôt une expertise dans les domaine de la Deeptech, du numérique, de l'incubation, de l'accélération et du financement de startups. Il n'y a pas de synergies évidentes avec les projets précédents."
"https://ec.europa.eu/info/funding-tenders/opportunities/portal/screen/opportunities/topic-details/EDF-2025-DA-UWW-AUWN-STEP?isExactMatch=true&status=31094501,31094502&order=DESC&pageNumber=6&pageSize=50&sortBy=startDate","Pertinence : Non

Projets similaires détectés : None

Résumé rapide : L'appel à projet est spécifiquement lié à la défense et à la sécurité, ce qui est différent des projets de l'entreprise qui sont plus liés à l'innovation, au développement économique et à l'entreprenariat. Aucun des projets précédents de l'entreprise n'a affiché de similarité avec ce domaine de la défense et de la sécurité."
"https://ec.europa.eu/info/funding-tenders/opportunities/portal/screen/opportunities/topic-details/EDF-2025-LS-RA-SI-CYBER-3RAV-STEP?isExactMatch=true&status=31094501,31094502&order=DESC&pageNumber=6&pageSize=50&sortBy=startDate","Pertinence : Non

Projets similaires détectés : None

Résumé rapide expliquant ma réponse :

L'appel à projet est axé sur la cybersécurité des véhicules autonomes (UxVs) dans le domaine de la défense, ce qui est très spécifique et loin des thématiques principales de l'entreprise, qui sont plus orientées vers l'entrepreneuriat, le développement des startups, l'incubation, la Deeptech, et la stratégie de développement économique. Aucun des projets précédemment réalisés ne montre une proximité thématique ou de contenu avec cet appel à projet."
"https://ec.europa.eu/info/funding-tenders/opportunities/portal/screen/opportunities/topic-details/EDF-2025-LS-RA-CHALLENGE-DIGIT-HAIDP-STEP?isExactMatch=true&status=31094501,31094502&order=DESC&pageNumber=6&pageSize=50&sortBy=startDate","Bonjour,

Je vous réponds comme suit :

**Pertinence : Non**

**Projets similaires détectés : Aucun**

**Résumé rapide expliquant ma réponse :**

L'appel à projet spécifique concerne la recherche et le développement de systèmes de dialogue humain-AI pour des applications de défense, avec un focus sur la sécurité, la confidentialité et la fiabilité. Les projets réalisés par l'entreprise sont principalement liés à l'incubation, l'accélération, la stratégie et le financement pour les startups et les écosystèmes d'entreprises, ainsi qu'à la recherche et l'innovation dans des domaines précis (biotech, deeptech, etc.). Il n'y a donc pas de projets similaires détectés parmi les projets réalisés par l'entreprise.

L'appel à projet spécifique nécessite des compétences et des connaissances spécifiques dans le domaine de la défense, de l'IA et de la sécurité des systèmes, qui ne sont pas directement liées aux domaines d'expertise de l'entreprise. Il est donc peu probable que l'entreprise puisse répondre de manière pertinente à ce type d'appel à projet."
"https://ec.europa.eu/info/funding-tenders/opportunities/portal/screen/opportunities/topic-details/EDF-2025-DA-ENERENV-APEM?isExactMatch=true&status=31094501,31094502&order=DESC&pageNumber=6&pageSize=50&sortBy=startDate","Pertinence : Non

Projets similaires détectés : Aucun

Résumé rapide expliquant ma réponse : 
L'appel à projet spécifique présenté concerne principalement la défense et l'aéronautique, avec un focus sur la recherche et le développement de technologies de propulsion et d'énergie pour des avions de combat. Les projets précédemment réalisés par l'entreprise ne montrent pas de lien direct avec ce domaine spécifique. Les axes de spécialisation de l'entreprise (Deeptech, Hardware, Incubation, Prototyping, Acceleration) ne correspondent pas à la thématique de défense et d'aéronautique, et les compétences et expertises acquises dans les projets précédents ne peuvent pas être facilement transférées à ce domaine."
"https://ec.europa.eu/info/funding-tenders/opportunities/portal/screen/opportunities/topic-details/EDF-2025-DA-CYBER-CDOC-STEP?isExactMatch=true&status=31094501,31094502&order=DESC&pageNumber=6&pageSize=50&sortBy=startDate","Pertinence : Non

Projets similaires détectés : Aucun

Résumé rapide : Ce projet d'appel à projet Européen est très spécifique et se concentre sur la défense cyberspace et la cybersécurité, ce qui est très éloigné des différents projets de l'entreprise qui ont principalement trait à l'entrepreneuriat, l'incubation, l'accélération, la digitalisation, l'innovation, etc. Les compétences et les expertises de l'entreprise ne sont pas directement applicables à ce projet, donc il n'y a pas de pertinence."
"https://ec.europa.eu/info/funding-tenders/opportunities/portal/screen/opportunities/topic-details/EDF-2025-LS-RA-SI-ENERENV-NH2PS-STEP?isExactMatch=true&status=31094501,31094502&order=DESC&pageNumber=6&pageSize=50&sortBy=startDate","Pertinence : Non

Projets similaires détectés : Aucun

Résumé rapide : La plupart des projets déjà réalisés par l'entreprise sont liés à l'incubation, à l'entrepreneuriat, à la transition écologique et à la recherche scientifique, alors que ce projet spécifique concerne la conception et la mise en œuvre de systèmes de propulsion pour les navires militaires. Les objectifs et les champs d'application sont donc très éloignés des compétences et des expériences déjà démontrées par l'entreprise."
"https://ec.europa.eu/info/funding-tenders/opportunities/portal/screen/opportunities/topic-details/EDF-2025-DA-SENS-IRD-STEP?isExactMatch=true&status=31094501,31094502&order=DESC&pageNumber=6&pageSize=50&sortBy=startDate","Pertinence : Non

Projets similaires détectés : None

Résumé rapide : L'appel à projet est spécifiquement lié au développement de détecteurs infrarouges pour les applications de défense, ce qui est très différent des projets que l'entreprise a déjà menés. Les projets de l'entreprise sont plutôt liés à l'incubation, l'accélération, et le financement de startups et de projets de tech, tandis que cet appel à projet spécifique est très technique et ciblé sur un domaine très spécifique (détecteurs infrarouges pour la défense). Il n'y a pas de similarité évidente avec les projets précédents de l'entreprise."
"https://ec.europa.eu/info/funding-tenders/opportunities/portal/screen/opportunities/topic-details/EDF-2025-LS-RA-DIS-GDET?isExactMatch=true&status=31094501,31094502&order=DESC&pageNumber=6&pageSize=50&sortBy=startDate","Pertinence : Non

Projets similaires détectés : Aucun

Résumé rapide expliquant ma réponse : Ce projet d'appel à projet est très spécifique et technique, axé sur la surveillance et la protection des infrastructures sous-marines dans le contexte de la guerre sous-marine. Il n'y a pas de similarité avec les projets précédents de l'entreprise, qui s'intéressent à l'incubation, l'innovation, au développement entrepreneurial, et à l'écosystème startup, sans lien avec le domaine militaire ou la guerre sous-marine."
"https://ec.europa.eu/info/funding-tenders/opportunities/portal/screen/opportunities/topic-details/EDF-2025-LS-RA-CHALLENGE-DIGIT-HAIDO?isExactMatch=true&status=31094501,31094502&order=DESC&pageNumber=6&pageSize=50&sortBy=startDate","Pertinence : Non

Projets similaires détectés : Aucun

Résumé rapide : L'appel à projets spécifique est centré sur la mise en place d'un environnement de test pour les systèmes de dialogue humain-AI pour des cas d'utilisation dans le domaine de la défense. Les projets antérieurs de l'entreprise ne semblent pas avoir de lien direct avec ce type de projet, qui requiert une expertise spécifique dans les domaines de la défense, des technologies de l'information et de la communication, et de l'intelligence artificielle. Les projets antérieurs de l'entreprise semblent plus orientés vers l'incubation, l'accélération, la création d'écosystèmes d'entreprise et la mise en place de réseaux de financement, etc."
"https://ec.europa.eu/info/funding-tenders/opportunities/portal/screen/opportunities/topic-details/EDF-2025-LS-RA-DIS-NT?isExactMatch=true&status=31094501,31094502&order=DESC&pageNumber=6&pageSize=50&sortBy=startDate","Pertinence : Non

Projets similaires détectés : FACTORIAT, TECHNORIAT PPP Program

Résumé rapide : L'appel à projet européen ciblé sur la recherche et l'innovation dans le domaine de la défense ) avec un impact attendu de rupture (disruptif) et un focus sur les technologies émergentes, n'a pas de lien direct avec les projets de l'entreprise, qui sont plutôt axés sur l'entrepreneurship, l'incubation, l'accélération, la biotechnologie, etc. Les deux projets les plus proches, FACTORIAT et TECHNORIAT PPP Program, ont des éléments de recherche et d'innovation, mais leur focus est différent de celui de l'appel à projet européen."
"https://ec.europa.eu/info/funding-tenders/opportunities/portal/screen/opportunities/topic-details/EDF-2025-DA-SENS-MB4DR-STEP?isExactMatch=true&status=31094501,31094502&order=DESC&pageNumber=6&pageSize=50&sortBy=startDate","Pertinence : Non

Projets similaires détectés : [aucun]

Résumé rapide : L'appel à projet spécifique concerne la démonstration d'un système radar multifonctionnel pour les forces de défense, avec une intégration de pointe dans les technologies radar, communication et informatique. Les projets précédents de l'entreprise sont plutôt liés à l'entrepreneuriat, l'incubation, le développement de startup, notamment dans les domaines de la Deeptech, du digital, de la biotechnologie, etc. Il n'y a pas de projet similaire détecté dans le portefeuille de l'entreprise qui soit directement lié à la défense, aux systèmes radar ou aux technologies de pointe dans ce domaine."
"https://ec.europa.eu/info/funding-tenders/opportunities/portal/screen/opportunities/topic-details/EDF-2025-CSA-NFP?isExactMatch=true&status=31094501,31094502&order=DESC&pageNumber=6&pageSize=50&sortBy=startDate","Pertinence : Non

Projets similaires détectés : Aucun

Résumé rapide : L'opportunité spécifique décrite est centrée sur le renforcement de la coopération transnationale entre les points focaux nationaux pour la défense (EDF-NFP) au sein de l'Union européenne) et ne présente pas de similarités évidentes avec les projets déjà réalisés par l'entreprise, qui sont principalement axés sur l'entrepreneuriat, l'innovation, la Deeptech, le soutien aux startups, la biotech et la stratégie digitale."
"https://ec.europa.eu/info/funding-tenders/opportunities/portal/screen/opportunities/topic-details/EDF-2025-DA-SI-GROUND-DAMM?isExactMatch=true&status=31094501,31094502&order=DESC&pageNumber=6&pageSize=50&sortBy=startDate","Bonjour !

Après analyse du contenu de l'appel à projet spécifique et des projets déjà réalisés par l'entreprise, je réponds :

**Pertinence : Non**

**Projets similaires détectés : Aucun**

**Résumé rapide :**
L'appel à projet concerne le développement de technologies pour des munitions et des systèmes de combat aériens (loitering Munitions et small UCAS) pour l'industrie de la défense, ce qui est très éloigné des domaines d'expertise de l'entreprise, qui se concentre sur les startups, l'incubation, l'accélération, la biotechnologie, la propriété intellectuelle, etc. Il n'y a donc aucune pertinence pour l'entreprise.

Il est important de noter que les compétences et les expériences de l'entreprise sont très éloignés du secteur de la défense, et il est peu probable que l'entreprise puisse apporter une valeur ajoutée dans ce projet."
"https://ec.europa.eu/info/funding-tenders/opportunities/portal/screen/opportunities/topic-details/EDF-2025-DA-SI-SPACE-3OS?isExactMatch=true&status=31094501,31094502&order=DESC&pageNumber=6&pageSize=50&sortBy=startDate","Pertinence : Non

Projets similaires détectés : Aucun

Résumé rapide : L'appel à projet spécifique concerne le développement de capacités spatiales pour les applications de défense, ce qui est très éloigné des projets de l'entreprise qui portaient sur l'entrepreneuriat, l'incubation, l'accélération de startups, la stratégie de financement, l'écosystème entrepreneurial, la recherche et l'innovation dans les domaines de la santé, de la biotechnologie, etc. Il n'y a pas de synergies évidentes entre les projets de l'entreprise et cet appel à projet."
"https://ec.europa.eu/info/funding-tenders/opportunities/portal/screen/opportunities/topic-details/EDF-2025-LS-RA-SMERO-NT?isExactMatch=true&status=31094501,31094502&order=DESC&pageNumber=6&pageSize=50&sortBy=startDate","Pertinence : Non

Projets similaires détectés : -

Résumé rapide** : L'appel à projets spécifique est axé sur la défense, les technologies de pointe et les recherche & développement pour des applications militaires, ce qui diffère grandement des projets précédemment réalisés par l'entreprise, qui se sont concentrés sur l'entrepreneuriat, l'incubation, l'acceleration, ainsi que la biotechnologie et la stratégie digitale. Les activités éligibles pour cet appel à projet ne correspondent pas aux axes principaux des projets antérieurs de l'entreprise."
"https://ec.europa.eu/info/funding-tenders/opportunities/portal/screen/opportunities/topic-details/EDF-2025-LS-DA-SME-NT?isExactMatch=true&status=31094501,31094502&order=DESC&pageNumber=6&pageSize=50&sortBy=startDate","Pertinence : Non

Projets similaires détectés : None

Résumé rapide : Cette opportunité de projet concerne spécifiquement le développement de technologies et de produits pour le secteur de la défense, ce qui n'est pas une domaine d'expertise de l'entreprise, qui est plutôt spécialisée dans les domaines de l'entrepreneuriat, de l'incubation, de l'accélération et du développement de startups, principalement dans les secteurs de la Deeptech, du Digital Economy et de la biotechnologie. Aucun des projets précédents de l'entreprise ne correspond à ce type de projet."
"https://ec.europa.eu/info/funding-tenders/opportunities/portal/screen/opportunities/topic-details/EDF-2025-RA-UWW-SOASW?isExactMatch=true&status=31094501,31094502&order=DESC&pageNumber=6&pageSize=50&sortBy=startDate","Pertinence : Non

Projets similaires détectés : Aucun

Résumé rapide : L'appel à projet est très spécifique et concerne la mise au point d'une capacité de lutte anti-sous-marine à distance, ce qui est très éloigné des précédents projets de l'entreprise, qui se concentrent sur l'incubation, l'accélération, la formation, la stratégie et le financement dans les secteurs de la santé, de la biotechnologie, des startups et de l'économie numérique. Aucun des projets précédents de l'entreprise ne couvre la thématique de la défense ou de la lutte anti-sous-marine."
"https://ec.europa.eu/info/funding-tenders/opportunities/portal/screen/opportunities/topic-details/EDF-2025-RA-ENERENV-PSR?isExactMatch=true&status=31094501,31094502&order=DESC&pageNumber=6&pageSize=50&sortBy=startDate","Pertinence : Non

Projets similaires détectés : Aucun

Résumé rapide : L'opportunité spécifique est très spécialisée dans le domaine de la propulsion pour les rotorcrafts militaires, avec des spécifications techniques très détaillées et des exigences de performance très élevées. Les projets de l'entreprise sont plus généraux et ne couvrent pas ce domaine spécifique. Les compétences et les expertises de l'entreprise ne sont pas directement applicables à ce type de projet."
"https://ec.europa.eu/info/funding-tenders/opportunities/portal/screen/opportunities/topic-details/EDF-2025-RA-C4ISR-MIDS-STEP?isExactMatch=true&status=31094501,31094502&order=DESC&pageNumber=6&pageSize=50&sortBy=startDate","Pertinence : Non

Projets similaires détectés : Aucun

Résumé rapide expliquant ma réponse :
L'entreprise a travaillé sur des projets liés à l'entrepreneuriat, l'incubation, le développement de startups, la stratégie, la finance et la technologie, mais pas spécifiquement dans le domaine de la défense et des systèmes d'information militaires. Le projet proposé concerne la conception et le développement d'un système de communication militaire avancé, ce qui est loin du champ d'expertise de l'entreprise."
"https://ec.europa.eu/info/funding-tenders/opportunities/portal/screen/opportunities/topic-details/EDF-2025-RA-GROUND-CBC?isExactMatch=true&status=31094501,31094502&order=DESC&pageNumber=6&pageSize=50&sortBy=startDate","Pertinence : Non

Projets similaires détectés :aucun

Résumé rapide expliquant ma réponse : 

Ce projet concerne spécifiquement des technologies pour la destruction ou la neutralisation de l'artillerie ennemie, ce qui est très éloigné des thèmes que l'entreprise a déjà réalisés (Deeptech, incubation, startup ecosystem, biotech, etc.). Les objectifs et les activités proposées dans ce projet ne trouvent aucun écho dans les projets précédemment réalisés par l'entreprise."
"https://ec.europa.eu/info/funding-tenders/opportunities/portal/screen/opportunities/topic-details/EDF-2025-RA-SIMTRAIN-DAFAS?isExactMatch=true&status=31094501,31094502&order=DESC&pageNumber=6&pageSize=50&sortBy=startDate","Erreur Groq: Error code: 413 - {'error': {'message': 'Request too large for model `llama3-70b-8192` in organization `org_01jbbzmw5ae68swfw9axzac18x` service tier `on_demand` on tokens per minute (TPM): Limit 6000, Requested 6143, please reduce your message size and try again. Need more tokens? Upgrade to Dev Tier today at https://console.groq.com/settings/billing', 'type': 'tokens', 'code': 'rate_limit_exceeded'}}"
"https://ec.europa.eu/info/funding-tenders/opportunities/portal/screen/opportunities/topic-details/EDF-2025-RA-MATCOMP-CDA-STEP?isExactMatch=true&status=31094501,31094502&order=DESC&pageNumber=6&pageSize=50&sortBy=startDate","Pertinence : Oui

Projets similaires détectés : FACTORIAT, TECHNORIAT PPP Program, BIATLABS

Résumé rapide expliquant ma réponse :
Ce projet concerne le développement de technologies émergentes (chiplet) et leur application dans le domaine de la défense. Il nécessite une analyse approfondie de l'état de l'art, la définition de spécifications techniques, la conception de systèmes innovants et la mise en œuvre de prototypes. Les compétences et expériences acquises dans les projets FACTORIAT (support à la maturation tech et prototypage), TECHNORIAT PPP Program (pont entre la recherche et l'entrepreneuriat via l'incubation et BIATLABS (programme d'incubation pour les start-ups en phase initiale) sont très pertinents pour ce type de projet. L'entreprise a déjà démontré sa capacité à supporter l'innovation et la croissance de startups en phase initiale et à mettre en œuvre des programmes d'incubation et d'accélération pour les entreprises émergentes."
"https://ec.europa.eu/info/funding-tenders/opportunities/portal/screen/opportunities/topic-details/EDF-2025-RA-MCBRN-ATE?isExactMatch=true&status=31094501,31094502&order=DESC&pageNumber=6&pageSize=50&sortBy=startDate","After analyzing the list of projects already completed by the enterprise, I can provide the following assessment:

**Pertinence: Non**

The reason is that there is no description provided for this specific call, which makes it difficult to determine whether it aligns with the enterprise's past projects.

However, if I were to take a closer look at the enterprise's past projects, I can suggest some potential areas of relevance:

* **Projets similaires détectés:** None (due to lack of description)
* **Résumé rapide:** Without a project description, it's challenging to determine whether this opportunity aligns with the enterprise's focus on Deeptech, Hardware, Incubation, Prototyping, Acceleration, Capacity building, Strategy, Startup Ecosystem, Digital Economy, Financing, and other areas. If more information becomes available, I can reassess the pertinence of this opportunity."
"https://ec.europa.eu/info/funding-tenders/opportunities/portal/screen/opportunities/topic-details/EDF-2025-RA-SIMTRAIN-LVC-STEP?isExactMatch=true&status=31094501,31094502&order=DESC&pageNumber=6&pageSize=50&sortBy=startDate","Pertinence : Non

Projets similaires détectés : Aucun

Résumé rapide : L'opportunité spécifique décrite concerne la création d'un écosystème de simulation pour les opérations militaires multidomaines, ce qui est très différent des projets précédemment réalisés par l'entreprise, qui portent sur l'incubation, l'accélération, la stratégie, le financement et l'entrepreneuriat dans les domaines de la Deeptech, du digital, de la biotech et de l'économie. Il n'y a pas desimilarité évidente entre ces projets et l'opportunité spécifique proposée."
"https://ec.europa.eu/info/funding-tenders/opportunities/portal/screen/opportunities/topic-details/RFCS-2025-CSP?isExactMatch=true&status=31094501,31094502&order=DESC&pageNumber=6&pageSize=50&sortBy=startDate","Pertinence : Non

Projets similaires détectés : Aucun

Résumé rapide expliquant ma réponse :
L'appel à projets spécifique est très axé sur la recherche et l'innovation dans le secteur de l'acier, avec des objectifs très précis liés à la réduction des émissions de CO2, à l'efficacité énergétique, à la circularité économique, etc. Les projets de l'entreprise que j'ai pu consulter ne montrent pas de similarités avec cet appel à projets, car ils sont plus orientés vers le soutien à l'entrepreneuriat, au développement économique, à l'incubation et à l'accélération de startups, principalement dans les secteurs des technologies émergentes et de la biotechnologie. Il n'y a donc pas de pertinence directe entre cet appel à projets et les projets déjà réalisés par l'entreprise."
"https://ec.europa.eu/info/funding-tenders/opportunities/portal/screen/opportunities/topic-details/RFCS-2025-JT?isExactMatch=true&status=31094501,31094502&order=DESC&pageNumber=6&pageSize=50&sortBy=startDate","Pertinence : Oui

Projets similaires détectés : FACTORIAT, TECHNORIAT PPP Program, BIATLABS

Résumé rapide : L'appel à projet est pertinent car il concerne probablement la recherche de partenaires pour un projet de R&D, d'innovation ou d'incubation, ce qui correspond aux domaines d'expertise de l'entreprise, notamment dans les secteurs Deeptech, Hardware, Biotech, et Acceleration. Les projets similaires détectés, tels que FACTORIAT, TECHNORIAT PPP Program et BIATLABS, montrent que l'entreprise a déjà une expérience solide dans ces domaines et pourrait être un partenaire compétent pour ce nouveau projet."
"https://ec.europa.eu/info/funding-tenders/opportunities/portal/screen/opportunities/topic-details/PPPA-2025-DEPLAN?isExactMatch=true&status=31094501,31094502&order=DESC&pageNumber=6&pageSize=50&sortBy=startDate","Pertinence : Non

Projets similaires détectés : Aucun

Résumé rapide : L'appel à projet spécifique concerne les technologies spatiales, la fabrication et la recyclabilité d'antennes déployables pour les applications spatiales. Les projets réalisés par l'entreprise sont principalement liés à l'entrepreneuriat, l'incubation, la stratégie, la finance et la recherche scientifique, mais pas spécifiquement à la technologie spatiale ou les applications spatiales. Il n'y a pas de similarité directe entre les thèmes abordés dans l'appel à projet et les projets déjà réalisés par l'entreprise."
"https://ec.europa.eu/info/funding-tenders/opportunities/portal/screen/opportunities/topic-details/HORIZON-MSCA-2025-COFUND-01-01?isExactMatch=true&status=31094501,31094502&order=DESC&pageNumber=6&pageSize=50&sortBy=startDate","Pertinence : Oui

Projets similaires détectés : 
- TECHNORIAT PPP Program (axe Scientific Research, Deeptech, Acceleration, Entrepreneurship)
- FACTORIAT (axe Deeptech, Hardware, Incubation, Prototyping, Acceleration)

Résumé rapide expliquant ta réponse : 
Ce projet MSCA COFUND vise à améliorer les programmes de doctorat et de postdoctorat pour renforcer les ressources humaines en recherche et innovation à l'échelle régionale, nationale ou internationale. Il met l'accent sur la formation de chercheurs, la mobilité internationale, la coopération intersectorielle et l'entrepreneuriat. Les axes clés de ce projet (recherche, innovation, entrepreneuriat, formation de chercheurs) sont très proches de ceux des projets FACTORIAT et TECHNORIAT PPP Program. L'entreprise a déjà démontré son expertise dans ces domaines, ce qui fait de cette opportunité un bon match."
"https://ec.europa.eu/info/funding-tenders/opportunities/portal/screen/opportunities/topic-details/ERASMUS-EDU-2025-PI-FORWARD-DIGITAL-AI?isExactMatch=true&status=31094501,31094502&order=DESC&pageNumber=7&pageSize=50&sortBy=startDate","Pertinence : Non

Projets similaires détectés : Aucun

Résumé rapide : Cette opportunité spécifique est très centrée sur l'éducation, la formation et l'utilisation de l'intelligence artificielle dans ces domaines, ce qui n'est pas un axe principal de l'un de nos projets précédents. Les projets que nous avons déjà menés portaient plus sur le développement d'écosystèmes, la stratégie, le financement, l'incubation, mais pas spécifiquement sur l'éducation et la formation. Il n'y a donc pas de projet similaire détecté."
"https://ec.europa.eu/info/funding-tenders/opportunities/portal/screen/opportunities/topic-details/ERASMUS-EDU-2025-PI-FORWARD-ADULT-CG?isExactMatch=true&status=31094501,31094502&order=DESC&pageNumber=7&pageSize=50&sortBy=startDate","Pertinence : Oui 

Projets similaires détectés : FACTORIAT, TECHNORIAT PPP Program, ABI – Applied Biotech & Innovation 

Résumé rapide : Bien que la description du projet soit absente, il est possible de deviner que ce projet pourrait concerner l'appui à des startups et entreprises dans le domaine de la recherche et de l'innovation, étant donné que le portail est européen et que les projets similaires de l'entreprise portent sur l'incubation, l'accélération et la maturation de projets deeptech et biotech."
"https://ec.europa.eu/info/funding-tenders/opportunities/portal/screen/opportunities/topic-details/ERASMUS-EDU-2025-PEX-COVE?isExactMatch=true&status=31094501,31094502&order=DESC&pageNumber=7&pageSize=50&sortBy=startDate","Pertinence : Oui

Projets similaires détectés : National Entrepreneurship Program, World Bank Collaboration, TECHNORIAT – Business Angels Network

Résumé rapide : L'appel à projet CENTRES OF VOCATIONAL EXCELLENCE concerne la mise en place de réseaux internationaux de Excellence pour la formation professionnelle, en lien avec les besoins du marché du travail et les objectifs de développement durable. L'entreprise a déjà mené des projets similaires dans le domaine de l'entrepreneuriat, du développement économique et de la création d'écosystèmes d'affaires, tels que National Entrepreneurship Program, World Bank Collaboration et TECHNORIAT PPP Program. L'expérience acquise dans ces projets pourra être utile pour répondre à cet appel à projet spécifique."
"https://ec.europa.eu/info/funding-tenders/opportunities/portal/screen/opportunities/topic-details/ERC-2025-POC?isExactMatch=true&status=31094501,31094502&order=DESC&pageNumber=7&pageSize=50&sortBy=startDate","Pertinence : Oui

Projets similaires détectés : FACTORIAT, TECHNORIAT PPP Program, ABI – Applied Biotech & Innovation

Résumé rapide : L'appel à projets ERC Proof of Concept Grants vise à aider les chercheurs à explorer le potentiel d'innovation commercial de leurs recherches financées par l'UE. Cela correspond à l'axe Deeptech et à la thématique de l'entrepreneuriat basé sur la recherche, présents dans les projets FACTORIAT, TECHNORIAT PPP Program et ABI – Applied Biotech & Innovation. De plus, l'objectif de bridge entre la recherche et l'entrepreneuriat est similaire à ces projets. L'entreprise ayant déjà une expérience dans l'incubation et l'accélération de projets de recherche, ainsi que dans la valorisation de la propriété intellectuelle, elle pourrait être compétente pour répondre à cet appel à projets."
"https://ec.europa.eu/info/funding-tenders/opportunities/portal/screen/opportunities/topic-details/HORIZON-EIC-2025-ACCELERATOR-01?isExactMatch=true&status=31094501,31094502&order=DESC&pageNumber=7&pageSize=50&sortBy=startDate","Pertinence : Oui

Projets similaires détectés : FACTORIAT, TECHNORIAT PPP Program, ABI – Applied Biotech & Innovation

Résumé rapide expliquant ma réponse : Cette opportunité d'appel à projets de l'EIC Accelerator semble pertinente pour l'entreprise car elle soutient les innovations à fort impact, notamment dans le domaine des deep tech, et propose une combinaison de financement et de services d'accélération. Les projets FACTORIAT et TECHNORIAT PPP Program, qui soutiennent respectivement les startups en maturation technique et les chercheurs-entrepreneurs, partagent des objectifs similaires. De plus, le projet ABI – Applied Biotech & Innovation, qui vise à transformer les découvertes en solutions commerciales, bénéficierait également de ce type de soutien."
"https://ec.europa.eu/info/funding-tenders/opportunities/portal/screen/opportunities/topic-details/CREA-MEDIA-2025-FILMOVE?isExactMatch=true&status=31094501,31094502&order=DESC&pageNumber=7&pageSize=50&sortBy=startDate","Pertinence : Non

Projets similaires détectés : None

Résumé rapide : L'entreprise a déjà réalisé des projets liés à l'entrepreneuriat, à l'écosystème de startup, au financement, à la Deeptech, à la biotech, à l'incubation, etc. Mais l'appel à projet spécifique est lié à la distribution de films européens, ce qui est très éloigné des domaines d'expertise de l'entreprise. Il n'y a pas de similarité entre les projets réalisés et cet appel à projet."
"https://ec.europa.eu/info/funding-tenders/opportunities/portal/screen/opportunities/topic-details/JTM-2022-2025-PSLF-LOAN-SCHEMES?isExactMatch=true&status=31094501,31094502&order=DESC&pageNumber=8&pageSize=50&sortBy=startDate","Pertinence : Non

Projets similaires détectés : Aucun

Résumé rapide : Les projets réalisés par l'entreprise sont majoritairement liés à l'entrepreneuriat, l'accélération de startups, le développement de l'économie numérique, la recherche scientifique et l'innovation. L'appel à projets spécifique qu'il a fallu évaluer est quant à lui centré sur les investissements durables, la transition énergétique, l'environnement, la circularité et la résilience aux désastres écologiques. Les thématiques et secteurs abordés sont donc très éloignés des domaines d'expertise de l'entreprise."
"https://ec.europa.eu/info/funding-tenders/opportunities/portal/screen/opportunities/topic-details/JTM-2022-2025-PSLF-STANDALONE-PROJECTS?isExactMatch=true&status=31094501,31094502&order=DESC&pageNumber=8&pageSize=50&sortBy=startDate","Pertinence : Oui

Projets similaires détectés : FACTORIAT, TECHNORIAT PPP Program, ABI – Applied Biotech & Innovation

Résumé rapide : Bien que la description du projet soit manquante, il est probable que ce projet européen concerne l'appui à la R&D, l'innovation et l'entrepreneuriat, étant donné les domaines d'expertise de l'entreprise (Deeptech, Hardware, Biotech, etc.). Les expériences de l'entreprise dans les projets FACTORIAT, TECHNORIAT PPP Program et ABI – Applied Biotech & Innovation montrent une capacité à soutenir l'innovation et les startups, ce qui peut être pertinent pour l'appel à projet européen."
"https://ec.europa.eu/info/funding-tenders/opportunities/portal/screen/opportunities/topic-details/ESC-HUMAID-2021-QUAL-LABEL-FP?isExactMatch=true&status=31094501,31094502&order=DESC&pageNumber=8&pageSize=50&sortBy=startDate","Pertinence : Oui

Projets similaires détectés : TECHNORIAT PPP Program, FACTORIAT

Résumé rapide : Bien que la description du projet soit manquante, étant donné que l'entreprise a déjà des expériences réussies avec des projets de recherche et d'innovation (FACTORIAT), ainsi que des projets de pont entre la recherche et l'entrepreneuriat (TECHNORIAT), il est probable que cette opportunité spécifique soit pertinente pour l'entreprise."
